subject,seed,accuracy,macro_f1,windows
1,42,0.4678438500822297,0.3981960329452908,11553
1,43,0.4695750021639401,0.4013885033186616,11553
1,44,0.4707868086211373,0.3970673477312157,11553
2,42,0.4569515557306026,0.3783678233649787,12695
2,43,0.4764868058290665,0.4380385701210069,12695
2,44,0.4741236707365104,0.4352174604136524,12695
3,42,0.5472390205214632,0.5426348752571534,10087
3,43,0.5494200456032517,0.5457312332858978,10087
3,44,0.5522950332110638,0.5492336677525358,10087
4,42,0.454978354978355,0.3442973471793008,13860
4,43,0.4547619047619047,0.3440409961807638,13860
4,44,0.4537518037518037,0.3455987952708089,13860
5,42,0.4535460228497521,0.3775465774726671,9278
5,43,0.4624919163612848,0.3784760431905274,9278
5,44,0.4527915499029963,0.3769336073847391,9278
6,42,0.5052813852813853,0.4857397977944344,11550
6,43,0.5010389610389611,0.4820967945428566,11550
6,44,0.5051082251082251,0.4845361317135581,11550
7,42,0.4714909943514867,0.4286036583461606,9383
7,43,0.4779921133965683,0.4412188495850302,9383
7,44,0.4754342960673559,0.4334264080529872,9383
8,42,0.414268887767121,0.3520811846716623,11886
8,43,0.4098098603398957,0.344925161602796,11886
8,44,0.425206124852768,0.3661355254022951,11886
9,42,0.4934497816593886,0.492805455635837,10305
9,43,0.4952935468219311,0.4944869338485541,10305
9,44,0.4977195536147501,0.4958598896581942,10305
10,42,0.4661276595744681,0.4428255233852134,11750
10,43,0.4654468085106383,0.4409877002261745,11750
10,44,0.4714893617021277,0.448162587214468,11750
11,42,0.5050547598989048,0.4786716459348873,14244
11,43,0.4877843302443134,0.4625970582711182,14244
11,44,0.4898904802021904,0.4648459959823222,14244
12,42,0.3702737940026075,0.3203874253263745,12272
12,43,0.393089960886571,0.3423219328986582,12272
12,44,0.4269067796610169,0.3736781833335431,12272
13,42,0.3755410403714488,0.3166763287774788,12707
13,43,0.3171480286456284,0.2630304316986666,12707
13,44,0.314787125206579,0.2566701484358922,12707
14,42,0.480835635359116,0.4553130883836002,11584
14,43,0.4820441988950276,0.4571776045268136,11584
14,44,0.4804040055248619,0.4524792539132212,11584
15,42,0.4746398952422523,0.3741869902986419,11455
15,43,0.469402007856831,0.3725135828898236,11455
15,44,0.4585770405936272,0.3421732655734027,11455
16,42,0.4929292929292929,0.4535022377622769,11385
16,43,0.4968818620992534,0.4589360664107759,11385
16,44,0.4908212560386473,0.4534047162662932,11385
17,42,0.5221487453573693,0.4904770847205857,11039
17,43,0.5572968565993297,0.5263126573777148,11039
17,44,0.5123652504755866,0.4770495333438099,11039
18,42,0.4557922157523751,0.3834123067723937,13052
18,43,0.4588568801716212,0.4016394275161196,13052
18,44,0.4543365001532332,0.3848982904192684,13052
19,42,0.4431890660592255,0.4174765743781654,10975
19,43,0.44,0.4132424198349007,10975
19,44,0.443006833712984,0.4155467407757235,10975
20,42,0.4760341431385423,0.4541950592381727,10661
20,43,0.4702185536066035,0.4503868396379844,10661
20,44,0.4681549573210768,0.4461120185512277,10661
